STATE_CODE,COUNTY_CODE,SITE_ID,MONITOR_ID,LATITUDE,LONGITUDE
01,003,0010,01-003-0010,30.4980010455544,-87.8814123234448
01,033,1002,01-033-1002,34.7587806206129,-87.6505620228266
01,049,9991,01-049-9991,34.2888,-85.9698
01,051,0001,01-051-0001,32.4985666694789,-86.136587065315
01,055,0011,01-055-0011,33.904038980451,-86.0538672222409
01,069,0004,01-069-0004,31.1906565110941,-85.423116999963
01,073,0023,01-073-0023,33.5530560008695,-86.815
01,073,1003,01-073-1003,33.4855560008686,-86.915
01,073,1005,01-073-1005,33.3311110008666,-87.003611
01,073,1010,01-073-1010,33.5452780008694,-86.549167
01,073,2006,01-073-2006,33.3863890008674,-86.816667
01,073,5003,01-073-5003,33.8016670008726,-86.9425
01,073,6002,01-073-6002,33.5783330008698,-86.773889
01,089,0014,01-089-0014,34.68767,-86.58637
01,089,0022,01-089-0022,34.7727270008843,-86.756174
01,097,0003,01-097-0003,30.7699408526854,-88.0875263893214
01,097,2005,01-097-2005,30.4746735857169,-88.1411401036561
01,101,1002,01-101-1002,32.4071199485245,-86.2563669567081
01,103,0011,01-103-0011,34.5187352636935,-86.9769391461817
01,113,0002,01-113-0002,32.4679713124359,-85.0838408289013
01,117,0004,01-117-0004,33.3173158817011,-86.825091608878
01,119,0003,01-119-0003,32.3627064731407,-88.2779538737879
01,125,0010,01-125-0010,33.0895995664667,-87.4597309935713
04,003,8001,04-003-8001,32.0094100008485,-109.38906
04,005,1008,04-005-1008,35.206111,-111.652777
04,005,8001,04-005-8001,36.0586400008981,-112.18358
04,007,0010,04-007-0010,33.6547,-111.1074
04,012,8000,04-012-8000,34.2319,-113.58
04,013,0019,04-013-0019,33.4838500008686,-112.14257
04,013,1003,04-013-1003,33.4104500008677,-111.86507
04,013,1004,04-013-1004,33.5603300008696,-112.06626
04,013,1010,04-013-1010,33.4522300008682,-111.73331
04,013,2001,04-013-2001,33.5745400008698,-112.19196
04,013,2005,04-013-2005,33.7063280008714,-111.855622
04,013,3002,04-013-3002,33.4579300008683,-112.04601
04,013,3003,04-013-3003,33.4796800008686,-111.91721
04,013,4003,04-013-4003,33.4031600008676,-112.07533
04,013,4004,04-013-4004,33.2989800008662,-111.88431
04,013,4005,04-013-4005,33.4124000008677,-111.93473
04,013,4008,04-013-4008,33.8216900008729,-112.01739
04,013,4010,04-013-4010,33.6371300008706,-112.34184
04,013,4011,04-013-4011,33.3700500008671,-112.6207
04,013,5100,04-013-5100,33.6292460008705,-111.676928
04,013,7003,04-013-7003,33.2902291217036,-112.160597461024
04,013,7020,04-013-7020,33.4882417812975,-111.855653788741
04,013,7021,04-013-7021,33.5079918576164,-111.755334209113
04,013,7022,04-013-7022,33.4746094209814,-111.805769312522
04,013,7024,04-013-7024,33.508125371186,-111.838520485167
04,013,9508,04-013-9508,33.9828000008749,-111.7987
04,013,9702,04-013-9702,33.5454900008694,-111.60925
04,013,9704,04-013-9704,33.6110300008702,-111.72529
04,013,9706,04-013-9706,33.7188100008716,-111.67183
04,013,9997,04-013-9997,33.503833,-112.095767
04,017,0119,04-017-0119,34.8225100008849,-109.89249
04,019,0021,04-019-0021,32.1745380008509,-110.737116
04,019,1011,04-019-1011,32.2044107008513,-110.878067
04,019,1018,04-019-1018,32.4252610008544,-111.06352
04,019,1020,04-019-1020,32.0476700008491,-110.774357
04,019,1028,04-019-1028,32.29515,-110.9823
04,019,1030,04-019-1030,31.87952,-110.99644
04,019,1032,04-019-1032,32.1730000008509,-110.980115
04,019,1034,04-019-1034,32.38082,-111.12716
04,021,3001,04-021-3001,33.4214000008678,-111.5436
04,021,3003,04-021-3003,32.9543610008617,-111.76225
04,021,3007,04-021-3007,32.5083060008556,-111.308056
04,021,7001,04-021-7001,33.0800870646037,-111.739999294167
04,021,8001,04-021-8001,33.293465,-111.285594
04,025,8033,04-025-8033,34.5467000008817,-112.4761
04,027,8011,04-027-8011,32.690278,-114.61444
05,019,9991,05-019-9991,34.1795,-93.0988
05,035,0005,05-035-0005,35.1972876317392,-90.1931407655994
05,101,0002,05-101-0002,35.8327262904149,-93.208259502105
05,113,0003,05-113-0003,34.454406,-94.143316
05,119,0007,05-119-0007,34.7561888042723,-92.2812958643647
05,119,1002,05-119-1002,34.8357211208321,-92.2605813844258
05,119,1008,05-119-1008,34.6813433627688,-92.328697163421
05,143,0005,05-143-0005,36.1797000452413,-94.1168273808054
05,143,0006,05-143-0006,36.0117030008977,-94.167436
06,001,0007,06-001-0007,37.6875260009131,-121.784217
06,001,0009,06-001-0009,37.7430650009135,-122.169935
06,001,0011,06-001-0011,37.814781,-122.282347
06,001,2001,06-001-2001,37.654456,-122.031547
06,005,0002,06-005-0002,38.3399050453834,-120.76351470945
06,007,0007,06-007-0007,39.7140412167878,-121.618835654068
06,007,0008,06-007-0008,39.7615384386669,-121.841620364356
06,009,0001,06-009-0001,38.2018522772477,-120.681566611268
06,011,1002,06-011-1002,39.2029348565203,-122.017727565172
06,013,0002,06-013-0002,37.936013,-122.026154
06,013,1004,06-013-1004,37.9604,-122.356811
06,013,2007,06-013-2007,37.7436490009135,-121.934188
06,017,0010,06-017-0010,38.725282000921,-120.821916
06,017,0012,06-017-0012,38.8116100009216,-120.033084
06,017,0020,06-017-0020,38.8909406523369,-121.003373318606
06,019,0007,06-019-0007,36.7055057000088,-119.741966039575
06,019,0011,06-019-0011,36.7853217602452,-119.774173890206
06,019,0242,06-019-0242,36.841389,-119.874444
06,019,2009,06-019-2009,36.6342250009037,-120.382331
06,019,4001,06-019-4001,36.5975,-119.503611
06,019,5001,06-019-5001,36.8191105157212,-119.717355815631
06,021,0003,06-021-0003,39.5337608308706,-122.191903223105
06,023,1004,06-023-1004,40.7769440009332,-124.1775
06,023,1005,06-023-1005,40.7152800009329,-124.20139
06,025,0005,06-025-0005,32.6761861390033,-115.484143952324
06,025,1003,06-025-1003,32.7922200008595,-115.56306
06,025,4004,06-025-4004,33.213611,-115.54528
06,027,0101,06-027-0101,36.508611,-116.847778
06,029,0007,06-029-0007,35.3460940221646,-118.852037412835
06,029,0008,06-029-0008,35.054444,-119.403889
06,029,0011,06-029-0011,35.0505513494936,-118.147293620967
06,029,0014,06-029-0014,35.3560923334747,-119.041209472264
06,029,0232,06-029-0232,35.4388685839502,-119.016764785619
06,029,2012,06-029-2012,35.3313022261442,-119.00097413713
06,029,5002,06-029-5002,35.2366800799201,-118.789423530455
06,029,6001,06-029-6001,35.5035870931035,-119.272606218402
06,031,0500,06-031-0500,36.2332736783669,-119.766211833042
06,031,1004,06-031-1004,36.3143988775644,-119.644569635892
06,033,3001,06-033-3001,39.0327000009232,-122.92229
06,037,0002,06-037-0002,34.1365,-117.92391
06,037,0016,06-037-0016,34.14435,-117.85036
06,037,0113,06-037-0113,34.05111,-118.45636
06,037,1002,06-037-1002,34.17605,-118.31712
06,037,1103,06-037-1103,34.0665900008759,-118.22688
06,037,1201,06-037-1201,34.19925,-118.53276
06,037,1302,06-037-1302,33.9013890008739,-118.205
06,037,1602,06-037-1602,34.0119400008752,-118.06995
06,037,1701,06-037-1701,34.06703,-117.7514
06,037,2005,06-037-2005,34.1326,-118.1272
06,037,4002,06-037-4002,33.82376,-118.18921
06,037,4006,06-037-4006,33.8025000008727,-118.22
06,037,5005,06-037-5005,33.9508,-118.43043
06,037,6012,06-037-6012,34.38344,-118.5284
06,037,9033,06-037-9033,34.6713936566101,-118.131456065176
06,039,0004,06-039-0004,36.866667,-120.01
06,039,0500,06-039-0500,37.2135995778416,-119.6990653406
06,039,2010,06-039-2010,36.953256,-120.034203
06,041,0001,06-041-0001,37.97231,-122.520004
06,043,0003,06-043-0003,37.7132500009133,-119.7062
06,043,0006,06-043-0006,37.5499277127024,-119.844590565813
06,045,0008,06-045-0008,39.14566,-123.20298
06,047,0003,06-047-0003,37.2815981089712,-120.434991688141
06,053,0002,06-053-0002,36.4957666675473,-121.731571140703
06,053,0008,06-053-0008,36.2092860008996,-121.126371
06,053,1003,06-053-1003,36.69676011412,-121.637182344553
06,055,0003,06-055-0003,38.310942,-122.296189
06,057,0005,06-057-0005,39.2343309818963,-121.056591356448
06,057,0007,06-057-0007,39.3165545082283,-120.845474880424
06,059,0007,06-059-0007,33.83062,-117.93845
06,059,1003,06-059-1003,33.67464,-117.92568
06,059,2022,06-059-2022,33.63003,-117.67593
06,059,5001,06-059-5001,33.92513,-117.95264
06,061,0003,06-061-0003,38.93568,-121.09959
06,061,0004,06-061-0004,39.100278,-120.952778
06,061,0006,06-061-0006,38.7457264164525,-121.266311852875
06,061,2002,06-061-2002,38.88563,-121.30208
06,065,0008,06-065-0008,33.7411,-115.8206
06,065,0009,06-065-0009,33.4478670008682,-117.088649
06,065,0012,06-065-0012,33.92086,-116.85841
06,065,0016,06-065-0016,33.5833330008699,-117.083333
06,065,1004,06-065-1004,33.9397000008744,-115.4108
06,065,1010,06-065-1010,33.59083300087,-116.088333
06,065,1016,06-065-1016,33.945,-116.83
06,065,2002,06-065-2002,33.70853,-116.21537
06,065,5001,06-065-5001,33.85275,-116.54101
06,065,6001,06-065-6001,33.78942,-117.22764
06,065,8001,06-065-8001,33.9995800008751,-117.41601
06,065,8005,06-065-8005,33.995638,-117.493304
06,065,9001,06-065-9001,33.67649,-117.33098
06,065,9003,06-065-9003,33.6124057501128,-114.602886147392
06,067,0002,06-067-0002,38.71209,-121.38109
06,067,0006,06-067-0006,38.6137790009202,-121.368014
06,067,0010,06-067-0010,38.5582277238935,-121.492981172379
06,067,0011,06-067-0011,38.302591,-121.420838
06,067,0012,06-067-0012,38.683304,-121.164457
06,067,0014,06-067-0014,38.6507830009205,-121.506767
06,067,5003,06-067-5003,38.494475,-121.211131
06,069,0002,06-069-0002,36.8440963154944,-121.362121171415
06,069,0003,06-069-0003,36.4832400009023,-121.15688
06,071,0001,06-071-0001,34.8950072914268,-117.024484304266
06,071,0005,06-071-0005,34.2431,-117.27235
06,071,0012,06-071-0012,34.4261258709186,-117.56393858699
06,071,0306,06-071-0306,34.5100144618938,-117.331433358915
06,071,1001,06-071-1001,35.101900000888,-115.7767
06,071,1004,06-071-1004,34.10374,-117.62914
06,071,1234,06-071-1234,35.7638734092692,-117.397003666623
06,071,2002,06-071-2002,34.10002,-117.49201
06,071,4001,06-071-4001,34.418073071615,-117.285597192354
06,071,4003,06-071-4003,34.05977,-117.14731
06,071,9002,06-071-9002,34.069570000876,-116.38893
06,071,9004,06-071-9004,34.10688,-117.27411
06,073,0001,06-073-0001,32.6312310008573,-117.059075
06,073,0003,06-073-0003,32.7911940008595,-116.942092
06,073,1001,06-073-1001,32.9521240008616,-117.264088
06,073,1002,06-073-1002,33.127711000864,-117.075325
06,073,1006,06-073-1006,32.8422420008602,-116.768225
06,073,1008,06-073-1008,33.2170250008652,-117.396158
06,073,1010,06-073-1010,32.7014920008583,-117.149653
06,073,1011,06-073-1011,32.7252260005939,-116.365203426694
06,073,1016,06-073-1016,32.8454670008602,-117.123894
06,073,1201,06-073-1201,33.3625928342781,-117.090229999878
06,073,2007,06-073-2007,32.5521640008562,-116.937772
06,075,0005,06-075-0005,37.765946,-122.399044
06,077,1002,06-077-1002,37.9507408985318,-121.268522670981
06,077,3005,06-077-3005,37.6825,-121.44056
06,079,0005,06-079-0005,35.6316288366338,-120.690977495172
06,079,2006,06-079-2006,35.256576874894,-120.66986143066
06,079,3001,06-079-3001,35.3663100008909,-120.84271
06,079,4002,06-079-4002,35.0314600008872,-120.50103
06,079,8001,06-079-8001,35.4915800008922,-120.66804
06,079,8005,06-079-8005,35.6436800008939,-120.23135
06,079,8006,06-079-8006,35.3547200008908,-120.04019
06,081,1001,06-081-1001,37.482934,-122.20337
06,083,0008,06-083-0008,34.4624500008807,-120.02551
06,083,0011,06-083-0011,34.4277749961254,-119.691217778642
06,083,1008,06-083-1008,34.9491471841744,-120.437629853286
06,083,1013,06-083-1013,34.725556,-120.427778
06,083,1014,06-083-1014,34.5416600008816,-119.79146
06,083,1018,06-083-1018,34.5274400008814,-120.1965
06,083,1021,06-083-1021,34.402778,-119.4575
06,083,1025,06-083-1025,34.489740000881,-120.04692
06,083,2004,06-083-2004,34.6378200008827,-120.4575
06,083,2011,06-083-2011,34.4455100008805,-119.8284
06,083,3001,06-083-3001,34.6058190008824,-120.075069
06,083,4003,06-083-4003,34.596111,-120.630278
06,085,0002,06-085-0002,36.999571,-121.574684
06,085,0005,06-085-0005,37.348497,-121.894898
06,085,1001,06-085-1001,37.226862,-121.979675
06,085,2006,06-085-2006,37.079379,-121.600031
06,085,2009,06-085-2009,37.318435,-122.069705
06,087,0007,06-087-0007,36.9839209877233,-121.989328242443
06,087,1003,06-087-1003,37.0720600009078,-122.00764
06,089,0004,06-089-0004,40.5495767066347,-122.380258307639
06,089,0007,06-089-0007,40.45291284963,-122.298865550189
06,089,0009,06-089-0009,40.6892525425033,-122.402194175431
06,089,3003,06-089-3003,40.5399900009321,-121.57646
06,093,2001,06-093-2001,41.726892,-122.633579
06,095,0004,06-095-0004,38.102507,-122.237976
06,095,0005,06-095-0005,38.227066,-122.075624
06,095,3003,06-095-3003,38.358365,-121.950003
06,097,0003,06-097-0003,38.443503,-122.710169
06,097,1003,06-097-1003,38.654069,-122.901857
06,099,0005,06-099-0005,37.64158322349,-120.994622224098
06,099,0006,06-099-0006,37.4879805927909,-120.837005008181
06,101,0003,06-101-0003,39.1387725442464,-121.618548986224
06,101,0004,06-101-0004,39.2055720009243,-121.820362
06,103,0004,06-103-0004,40.2620835346241,-122.093856972823
06,103,0005,06-103-0005,40.17583,-122.23694
06,107,0006,06-107-0006,36.5671783225821,-118.778994840853
06,107,0009,06-107-0009,36.4894700009024,-118.82915
06,107,2002,06-107-2002,36.3321793109462,-119.291227556039
06,107,2010,06-107-2010,36.0318310008979,-119.055018
06,109,0005,06-109-0005,37.9815819561887,-120.379610559735
06,111,0007,06-111-0007,34.2082438256063,-118.869443830694
06,111,0009,06-111-0009,34.4028463885673,-118.810003203107
06,111,1004,06-111-1004,34.4465705559254,-119.230277118193
06,111,2002,06-111-2002,34.2757357611952,-118.684731065733
06,111,3001,06-111-3001,34.253239815733,-119.142503948089
06,113,0004,06-113-0004,38.53445,-121.7734
06,113,1003,06-113-1003,38.66121,-121.73269
08,001,3001,08-001-3001,39.8381190009282,-104.94984
08,005,0002,08-005-0002,39.5678870009266,-104.957193
08,005,0006,08-005-0006,39.638522000927,-104.569335
08,013,0011,08-013-0011,39.9572120009289,-105.238458
08,031,0002,08-031-0002,39.7511840009277,-104.987625
08,031,0026,08-031-0026,39.7794900009279,-105.00518
08,035,0004,08-035-0004,39.5344880009264,-105.070358
08,041,0013,08-041-0013,38.9583410009227,-104.817215
08,041,0016,08-041-0016,38.8530970009219,-104.901289
08,045,0012,08-045-0012,39.5418200009265,-107.784125
08,051,9991,08-051-9991,38.9564,-106.9858
08,057,0003,08-057-0003,40.8822220009337,-106.306111
08,059,0005,08-059-0005,39.6387810009271,-105.13948
08,059,0006,08-059-0006,39.9127990009287,-105.188587
08,059,0011,08-059-0011,39.7437240009277,-105.177989
08,059,0013,08-059-0013,39.5415150009265,-105.29841
08,067,1004,08-067-1004,37.3038900009098,-107.484167
08,067,7001,08-067-7001,37.13678,-107.62863
08,067,7003,08-067-7003,37.10258,-107.870219
08,069,0007,08-069-0007,40.2781300009307,-105.54564
08,069,0011,08-069-0011,40.5925430009323,-105.141122
08,069,1004,08-069-1004,40.5774700009323,-105.07892
08,069,9991,08-069-9991,40.2778,-105.5453
08,077,0020,08-077-0020,39.1305750009238,-108.313835
08,081,0002,08-081-0002,40.5069458499842,-107.891109202554
08,083,0006,08-083-0006,37.3500540009102,-108.592334
08,083,0101,08-083-0101,37.1984000009089,-108.49046
08,103,0005,08-103-0005,40.0388890009294,-107.8475
08,103,0006,08-103-0006,40.0869440009297,-108.761389
08,123,0009,08-123-0009,40.3863680009313,-104.73744
09,001,0017,09-001-0017,41.0036110009343,-73.585
09,001,1123,09-001-1123,41.399167000936,-73.443056
09,001,3007,09-001-3007,41.1525,-73.103056
09,001,9003,09-001-9003,41.1183330009348,-73.336667
09,003,1003,09-003-1003,41.7847220009375,-72.631667
09,005,0005,09-005-0005,41.8213420009376,-73.297257
09,007,0007,09-007-0007,41.5522220009366,-72.63
09,009,0027,09-009-0027,41.3014000009356,-72.902871
09,009,9002,09-009-9002,41.2608330009354,-72.55
09,011,0124,09-011-0124,41.3536200009358,-72.07882
09,013,1001,09-013-1001,41.9763890009381,-72.388056
09,015,9991,09-015-9991,41.8402,-72.01
10,001,0002,10-001-0002,38.9847491571849,-75.5551847882314
10,003,1007,10-003-1007,39.551111,-75.730833
10,003,1010,10-003-1010,39.817222,-75.563889
10,003,1013,10-003-1013,39.773889,-75.496389
10,003,2004,10-003-2004,39.739444,-75.558056
10,005,1002,10-005-1002,38.644476231542,-75.6126883595703
10,005,1003,10-005-1003,38.7791958228195,-75.162673492654
11,001,0041,11-001-0041,38.8972220009222,-76.952778
11,001,0043,11-001-0043,38.9218470009224,-77.013178
11,001,0050,11-001-0050,38.9700920009227,-77.016715
12,001,3011,12-001-3011,29.54472200081,-82.296111
12,003,0002,12-003-0002,30.2011110008208,-82.441111
12,005,0006,12-005-0006,30.1304330008197,-85.731517
12,009,0007,12-009-0007,28.053611,-80.628611
12,009,4001,12-009-4001,28.310556,-80.615556
12,011,0033,12-011-0033,26.0735360007455,-80.33845
12,011,2003,12-011-2003,26.2920248266535,-80.0964703706023
12,011,8002,12-011-8002,26.087,-80.111
12,021,0004,12-021-0004,26.27,-81.711
12,023,0002,12-023-0002,30.1780560008205,-82.619167
12,031,0077,12-031-0077,30.4777246251286,-81.5873386392323
12,031,0100,12-031-0100,30.2610000008218,-81.454
12,031,0106,12-031-0106,30.378217,-81.8409
12,033,0004,12-033-0004,30.525367,-87.20355
12,033,0018,12-033-0018,30.3680500008235,-87.270967
12,035,0004,12-035-0004,29.489083000809,-81.276833
12,055,0003,12-055-0003,27.188889,-81.340556
12,057,0081,12-057-0081,27.7400328172842,-82.4651456481963
12,057,1035,12-057-1035,27.928056,-82.454722
12,057,1065,12-057-1065,27.892222,-82.538611
12,057,3002,12-057-3002,27.9656500007821,-82.2304
12,059,0004,12-059-0004,30.8486110008311,-85.603889
12,061,9991,12-061-9991,27.8492,-80.4554
12,069,0002,12-069-0002,28.525,-81.723333
12,071,2002,12-071-2002,26.547861,-81.98
12,071,3002,12-071-3002,26.448889,-81.939444
12,073,0012,12-073-0012,30.4397220008247,-84.346389
12,073,0013,12-073-0013,30.4844440008254,-84.199444
12,077,9991,12-077-9991,30.1103,-84.9903
12,081,3002,12-081-3002,27.632778,-82.546111
12,081,4012,12-081-4012,27.480556,-82.618889
12,081,4013,12-081-4013,27.449444,-82.522222
12,083,0003,12-083-0003,29.170278,-82.100833
12,083,0004,12-083-0004,29.1925,-82.173333
12,085,0007,12-085-0007,27.172458,-80.240689
12,086,0027,12-086-0027,25.7333779625,-80.1618061058266
12,086,0029,12-086-0029,25.5863835268216,-80.3268109022254
12,091,0002,12-091-0002,30.426533,-86.666217
12,095,0008,12-095-0008,28.454167,-81.381389
12,095,2002,12-095-2002,28.596389,-81.3625
12,097,2002,12-097-2002,28.347222,-81.636667
12,099,0009,12-099-0009,26.7308333,-80.2338889
12,099,0020,12-099-0020,26.5912300007559,-80.060867
12,101,0005,12-101-0005,28.331944,-82.305833
12,101,2001,12-101-2001,28.195,-82.758056
12,103,0004,12-103-0004,27.946389,-82.731944
12,103,0018,12-103-0018,27.7858655503876,-82.7398753622281
12,103,5002,12-103-5002,28.09,-82.700833
12,105,6005,12-105-6005,27.939444,-82.000278
12,105,6006,12-105-6006,28.028889,-81.972222
12,111,0013,12-111-0013,27.3890790007713,-80.311033
12,113,0015,12-113-0015,30.394133000824,-87.008033
12,115,1005,12-115-1005,27.306944,-82.570556
12,115,1006,12-115-1006,27.350278,-82.48
12,115,2002,12-115-2002,27.089194,-82.362583
12,117,1002,12-117-1002,28.746111,-81.310556
12,127,2001,12-127-2001,29.108889,-80.993889
12,127,5002,12-127-5002,29.206667,-81.0525
12,129,0001,12-129-0001,30.0925000008191,-84.161111
13,021,0012,13-021-0012,32.8054078807878,-83.5435207771381
13,051,0021,13-051-0021,32.0692299132987,-81.0487690417838
13,055,0001,13-055-0001,34.4742928764839,-85.4080033690138
13,059,0002,13-059-0002,33.9180669935744,-83.3444953987773
13,067,0003,13-067-0003,34.0154817406774,-84.6074074370014
13,073,0001,13-073-0001,33.5821435317047,-82.1311894113887
13,077,0002,13-077-0002,33.4040401139158,-84.7459881389771
13,085,0001,13-085-0001,34.3763172363093,-84.0597664825165
13,089,0002,13-089-0002,33.6879700008712,-84.29048
13,097,0004,13-097-0004,33.7436561150422,-84.7791918580524
13,121,0055,13-121-0055,33.7201923976411,-84.3570561562603
13,127,0006,13-127-0006,31.1697348649688,-81.4958808085103
13,135,0002,13-135-0002,33.96127,-84.06901
13,151,0002,13-151-0002,33.433575028587,-84.1617075669625
13,213,0003,13-213-0003,34.7851967057079,-84.6264223130395
13,215,0008,13-215-0008,32.5213020042259,-84.9447947614552
13,223,0003,13-223-0003,33.9285,-85.04534
13,231,9991,13-231-9991,33.1787,-84.4052
13,245,0091,13-245-0091,33.433349000868,-82.022217
13,247,0001,13-247-0001,33.5910772205001,-84.0652935047774
13,261,1001,13-261-1001,31.9542981747208,-84.081058648073
16,001,0010,16-001-0010,43.600699,-116.347853
16,001,0017,16-001-0017,43.577603,-116.178156
16,023,0101,16-023-0101,43.460556000942,-113.562222
17,001,0007,17-001-0007,39.9154093678845,-91.3358683221107
17,019,0007,17-019-0007,40.244913,-88.188519
17,019,1001,17-019-1001,40.0522417114501,-88.3725491607896
17,023,0001,17-023-0001,39.2108565789243,-87.668297281
17,031,0001,17-031-0001,41.6709918952829,-87.7324568962847
17,031,0032,17-031-0032,41.755832412403,-87.545349670582
17,031,0064,17-031-0064,41.7907868783739,-87.6016464917605
17,031,0076,17-031-0076,41.7513999786378,-87.7134881520007
17,031,1003,17-031-1003,41.9843323270383,-87.7920016971163
17,031,1601,17-031-1601,41.6681203371799,-87.9905696935943
17,031,3103,17-031-3103,41.9651934814238,-87.8762647334973
17,031,4002,17-031-4002,41.8552431328191,-87.7524696987103
17,031,4007,17-031-4007,42.0602846910538,-87.8632254343829
17,031,4201,17-031-4201,42.139996190948,-87.7992269168431
17,031,7002,17-031-7002,42.0618572389614,-87.6741671607363
17,043,6001,17-043-6001,41.8130493906461,-88.0728268954165
17,049,1001,17-049-1001,39.067159316124,-88.5489340120502
17,065,0002,17-065-0002,38.0821551646727,-88.6249434004072
17,083,1001,17-083-1001,39.1105394692177,-90.3240798569138
17,085,9991,17-085-9991,42.2869,-89.9997
17,089,0005,17-089-0005,42.0491477640379,-88.2730292914349
17,097,1007,17-097-1007,42.4675733011521,-87.8100470490758
17,111,0001,17-111-0001,42.221441662101,-88.2422073399828
17,113,2003,17-113-2003,40.5187353721062,-88.9968957084304
17,115,0013,17-115-0013,39.866833885022,-88.925594450544
17,117,0002,17-117-0002,39.3960753340187,-89.809738918633
17,119,0008,17-119-0008,38.890186048186,-90.148031139669
17,119,1009,17-119-1009,38.7265726155844,-89.9599625143423
17,119,3007,17-119-3007,38.8606694707698,-90.1058511128885
17,119,9991,17-119-9991,38.869,-89.6228
17,143,0024,17-143-0024,40.6874203817217,-89.6069427745454
17,143,1001,17-143-1001,40.7455039336384,-89.5858690207098
17,157,0001,17-157-0001,38.1762776056649,-89.7884586171723
17,161,3002,17-161-3002,41.5147269688183,-90.5173502630811
17,163,0010,17-163-0010,38.6120344810656,-90.1604766324869
17,167,0014,17-167-0014,39.831522,-89.640926
17,197,1011,17-197-1011,41.2215370677657,-88.190967175228
17,201,2001,17-201-2001,42.3349822164807,-89.037774802799
18,003,0002,18-003-0002,41.2214176009353,-85.0168207
18,003,0004,18-003-0004,41.0949654969347,-85.101816308
18,005,0007,18-005-0007,39.2943219009249,-85.7668164
18,011,0001,18-011-0001,39.9974840009292,-86.395172
18,015,0002,18-015-0002,40.5404546339321,-86.553034931
18,019,0008,18-019-0008,38.393833,-85.6641666
18,035,0010,18-035-0010,40.3000147030312,-85.2453668449579
18,039,0007,18-039-0007,41.71805,-85.83055
18,043,1004,18-043-1004,38.308056,-85.834167
18,055,0001,18-055-0001,38.9855780009228,-86.99012
18,057,0006,18-057-0006,40.0682967009296,-85.9924507
18,059,0003,18-059-0003,39.9350412842625,-85.8404705737426
18,063,0004,18-063-0004,39.7590025599129,-86.397123841107
18,069,0002,18-069-0002,40.9607096647928,-85.3798424818985
18,071,0001,18-071-0001,38.9208443659254,-86.0804889208704
18,081,0002,18-081-0002,39.41724277748,-86.1523630136587
18,083,9991,18-083-9991,38.7408,-87.4853
18,089,0022,18-089-0022,41.6066804767342,-87.3047291130996
18,089,0030,18-089-0030,41.6813997461906,-87.4947339925498
18,089,2008,18-089-2008,41.6394601037182,-87.4936229474878
18,091,0005,18-091-0005,41.7170219109372,-86.90774268
18,091,0010,18-091-0010,41.6290979479356,-86.6846154444943
18,095,0010,18-095-0010,40.0025466414521,-85.6569366360218
18,097,0050,18-097-0050,39.8589220009284,-86.0213173
18,097,0057,18-097-0057,39.7490190009277,-86.186314
18,097,0073,18-097-0073,39.789485610928,-86.06084985
18,097,0078,18-097-0078,39.8110970009281,-86.114469
18,109,0005,18-109-0005,39.5756338425368,-86.4778925329928
18,123,0009,18-123-0009,38.1131592308216,-86.6035939753739
18,127,0024,18-127-0024,41.6175583334973,-87.1992483552848
18,127,0026,18-127-0026,41.5102931877638,-87.0385458583506
18,129,0003,18-129-0003,38.0052890741032,-87.7184287204037
18,141,0010,18-141-0010,41.5516957744731,-86.3705892191277
18,141,0015,18-141-0015,41.696692,-86.214683
18,141,0016,18-141-0016,41.7548700009374,-86.11009
18,145,0001,18-145-0001,39.6134232009269,-85.870648
18,163,0013,18-163-0013,38.1139472358078,-87.5369567323863
18,163,0021,18-163-0021,38.0132480009157,-87.5778561
18,167,0018,18-167-0018,39.4861500231153,-87.4013975734084
18,167,0024,18-167-0024,39.560556,-87.313056
18,169,9991,18-169-9991,40.816,-85.6611
18,173,0008,18-173-0008,38.0520032065954,-87.2783374833816
18,173,0009,18-173-0009,38.1945010248153,-87.341395504728
18,173,0011,18-173-0011,37.9545107173711,-87.3219388645368
19,017,0011,19-017-0011,42.743056,-92.513056
19,045,0021,19-045-0021,41.8749989322255,-90.17757390303
19,085,0007,19-085-0007,41.8322560508807,-95.9281846453789
19,085,1101,19-085-1101,41.7802613968536,-95.9484354467964
19,113,0028,19-113-0028,41.910556,-91.651944
19,113,0033,19-113-0033,42.281013,-91.526879
19,113,0040,19-113-0040,41.97677,-91.68766
19,137,0002,19-137-0002,40.969112348093,-95.0449513637102
19,147,1002,19-147-1002,43.1237041866616,-94.6935183656697
19,153,0030,19-153-0030,41.6031590009368,-93.643118
19,163,0014,19-163-0014,41.6991742378824,-90.5219436580942
19,163,0015,19-163-0015,41.5300106207475,-90.5876108140407
19,169,0011,19-169-0011,41.8828666709378,-93.6878
19,177,0006,19-177-0006,40.6950780009328,-92.006318
19,181,0022,19-181-0022,41.2855333009355,-93.58398333
20,091,0010,20-091-0010,38.8385750009218,-94.746424
20,103,0003,20-103-0003,39.3273910009251,-94.95102
20,107,0002,20-107-0002,38.1358820009167,-94.731988
20,173,0010,20-173-0010,37.7020660009132,-97.314847
20,173,0018,20-173-0018,37.8975060009148,-97.492083
20,177,0013,20-177-0013,39.0242650009231,-95.711275
20,191,0002,20-191-0002,37.4768900009113,-97.366399
20,195,0001,20-195-0001,38.7700810009213,-99.763424
20,209,0021,20-209-0021,39.1172190009237,-94.635605
21,013,0002,21-013-0002,36.6084300009035,-83.73694
21,013,1002,21-013-1002,36.6719000009041,-83.5264
21,015,0003,21-015-0003,38.9183300009224,-84.852637
21,019,0017,21-019-0017,38.4593400009191,-82.64041
21,029,0006,21-029-0006,37.9862900009155,-85.71192
21,037,3002,21-037-3002,39.0218810009231,-84.47445
21,043,0500,21-043-0500,38.2388700009175,-82.9881
21,047,0006,21-047-0006,36.9117100009063,-87.323337
21,059,0005,21-059-0005,37.7807760009138,-87.075307
21,061,0501,21-061-0501,37.1317900009083,-86.142953
21,067,0012,21-067-0012,38.0650300009161,-84.49761
21,089,0007,21-089-0007,38.5481360009197,-82.731163
21,091,0012,21-091-0012,37.9382900009151,-86.89719
21,093,0006,21-093-0006,37.7056120009132,-85.852629
21,101,0014,21-101-0014,37.8712000009146,-87.46375
21,111,0027,21-111-0027,38.1378400009167,-85.57648
21,111,0051,21-111-0051,38.0609100009161,-85.89804
21,111,0067,21-111-0067,38.2287600009174,-85.65452
21,113,0001,21-113-0001,37.8914700009147,-84.58825
21,139,0003,21-139-0003,37.1553920009085,-88.394024
21,145,1024,21-145-1024,37.0582200009076,-88.57251
21,175,9991,21-175-9991,37.9214,-83.0662
21,185,0004,21-185-0004,38.4002000009187,-85.44428
21,193,0003,21-193-0003,37.2832900009096,-83.20932
21,195,0002,21-195-0002,37.4826000009113,-82.53532
21,199,0003,21-199-0003,37.097980000908,-84.61152
21,213,0004,21-213-0004,36.7086070009044,-86.566284
21,221,9991,21-221-9991,36.7841,-87.8499
21,227,0009,21-227-0009,37.0492600009075,-86.21487
21,229,9991,21-229-9991,37.7046,-85.0485
22,005,0004,22-005-0004,30.233889,-90.968333
22,015,0008,22-015-0008,32.53626,-93.74891
22,017,0001,22-017-0001,32.676389,-93.859722
22,019,0002,22-019-0002,30.143333,-93.371944
22,019,0008,22-019-0008,30.261667,-93.284167
22,019,0009,22-019-0009,30.227778,-93.578333
22,033,0003,22-033-0003,30.4197634576206,-91.1819962889505
22,033,0009,22-033-0009,30.46198,-91.17922
22,033,0013,22-033-0013,30.7009212133645,-91.0561349645708
22,047,0009,22-047-0009,30.220556,-91.316111
22,047,0012,22-047-0012,30.206985,-91.129948
22,051,1001,22-051-1001,30.0435726586567,-90.275090911784
22,055,0007,22-055-0007,30.2175,-92.051389
22,057,0004,22-057-0004,29.763889,-90.765183
22,063,0002,22-063-0002,30.3125,-90.8125
22,071,0012,22-071-0012,29.994444,-90.102778
22,073,0004,22-073-0004,32.509713,-92.046093
22,077,0001,22-077-0001,30.6817364762239,-91.36617175712
22,087,0004,22-087-0004,29.9396100008166,-89.92388
22,089,0003,22-089-0003,29.984167,-90.410556
22,093,0002,22-093-0002,29.994444,-90.82
22,095,0002,22-095-0002,30.058333,-90.608333
22,103,0002,22-103-0002,30.4293040008245,-90.199683
22,121,0001,22-121-0001,30.500643,-91.213556
23,001,0014,23-001-0014,43.9746220009427,-70.124608
23,003,1100,23-003-1100,46.696431,-68.033006
23,003,9991,23-003-9991,46.6041,-68.4135
23,005,0029,23-005-0029,43.6602460009423,-70.268965
23,005,2003,23-005-2003,43.5610430009421,-70.207324
23,009,0102,23-009-0102,44.351697000943,-68.22698
23,009,0103,23-009-0103,44.377050000943,-68.2609
23,011,2005,23-011-2005,44.2306220009429,-69.785
23,013,0004,23-013-0004,43.9179550009426,-69.26059
23,017,3001,23-017-3001,44.250922000943,-70.860605
23,019,4008,23-019-4008,44.7359780009432,-68.670752
23,023,0006,23-023-0006,44.0050000009427,-69.82778
23,029,0019,23-029-0019,44.5319070009431,-67.59587
23,029,0032,23-029-0032,44.9636330009432,-67.060728
23,031,0038,23-031-0038,43.6567640009423,-70.629138
23,031,0040,23-031-0040,43.5888900009422,-70.87734
23,031,2002,23-031-2002,43.3431670009418,-70.471034
24,003,0014,24-003-0014,38.9025,-76.653056
24,005,1007,24-005-1007,39.4620239651585,-76.6312605776859
24,005,3001,24-005-3001,39.310833,-76.474444
24,009,0011,24-009-0011,38.536722,-76.617194
24,013,0001,24-013-0001,39.444167,-77.041667
24,015,0003,24-015-0003,39.701111,-75.86
24,017,0010,24-017-0010,38.504167,-76.811944
24,019,0004,24-019-0004,38.5876346892006,-76.1404492595491
24,019,9991,24-019-9991,38.445,-76.1114
24,021,0037,24-021-0037,39.42276,-77.37519
24,023,0002,24-023-0002,39.70595,-79.012
24,025,1001,24-025-1001,39.41,-76.296667
24,025,9001,24-025-9001,39.563333,-76.203889
24,029,0002,24-029-0002,39.3052,-75.7972
24,031,3001,24-031-3001,39.114444,-77.106944
24,033,0030,24-033-0030,39.055277,-76.878333
24,033,8003,24-033-8003,38.81194,-76.74417
24,033,9991,24-033-9991,39.0284,-76.8171
24,043,0009,24-043-0009,39.5655816467683,-77.721639015139
24,510,0054,24-510-0054,39.32889,-76.5525
25,001,0002,25-001-0002,41.9758036400766,-70.0235982242767
25,003,4002,25-003-4002,42.6366796568502,-73.1674284813214
25,005,1004,25-005-1004,41.6857067155718,-71.1692346663934
25,005,1006,25-005-1006,41.6453808269233,-70.8975042348835
25,007,0001,25-007-0001,41.3304693267746,-70.7852252331938
25,009,2006,25-009-2006,42.4746421384544,-70.9708155859215
25,009,4005,25-009-4005,42.8144119142046,-70.8177826035479
25,009,5005,25-009-5005,42.7708365765507,-71.102290324038
25,013,0008,25-013-0008,42.1943804653421,-72.5551116962843
25,015,0103,25-015-0103,42.400578703824,-72.5231090489631
25,015,4002,25-015-4002,42.2984926849719,-72.3340786435613
25,017,0009,25-017-0009,42.62668,-71.362068
25,021,3003,25-021-3003,42.2117738927775,-71.1139704977959
25,025,0041,25-025-0041,42.3173723569157,-70.9683588585108
25,025,0042,25-025-0042,42.3295,-71.0826
25,027,0015,25-027-0015,42.2743188625074,-71.8755108231218
25,027,0024,25-027-0024,42.0996991388319,-71.6193988818735
26,005,0003,26-005-0003,42.7677855514527,-86.1485772164682
26,019,0003,26-019-0003,44.6169430943907,-86.1094077826288
26,021,0014,26-021-0014,42.1977895429013,-86.3096939751232
26,027,0003,26-027-0003,41.8955698036322,-86.0016287299423
26,033,0901,26-033-0901,46.493611,-84.364167
26,037,0001,26-037-0001,42.798339380413,-84.3937952605202
26,049,0021,26-049-0021,43.0472241917062,-83.6701590874905
26,049,2001,26-049-2001,43.1683362727992,-83.4615406938937
26,063,0007,26-063-0007,43.8363879340172,-82.642899906862
26,065,0012,26-065-0012,42.7386178741674,-84.5346331541108
26,077,0008,26-077-0008,42.2780666736986,-85.5418899211592
26,081,0020,26-081-0020,42.9841730428365,-85.6713387423289
26,081,0022,26-081-0022,43.1766718109728,-85.41660782861
26,091,0007,26-091-0007,41.9955676998722,-83.9465593762963
26,099,0009,26-099-0009,42.7313941191528,-82.79346283166
26,099,1003,26-099-1003,42.5133398483411,-83.0059705578442
26,101,0922,26-101-0922,44.3070000829522,-86.2426486419024
26,105,0007,26-105-0007,43.9533344091604,-86.2944146313703
26,113,0001,26-113-0001,44.3105554203758,-84.8918653238824
26,121,0039,26-121-0039,43.2780605982874,-86.3110825322265
26,125,0001,26-125-0001,42.4630634106704,-83.1831986800023
26,139,0005,26-139-0005,42.8944506594294,-85.8527340226485
26,147,0005,26-147-0005,42.9533362711269,-82.4562287816265
26,153,0001,26-153-0001,46.2888771607497,-85.9502269219365
26,157,9991,26-157-9991,43.6138,-83.3591
26,161,0008,26-161-0008,42.2405654781129,-83.5996022282151
26,161,9991,26-161-9991,42.4165,-83.902
26,163,0001,26-163-0001,42.2286201358284,-83.2082000228824
26,163,0019,26-163-0019,42.4308404181017,-83.0001375444892
26,165,9991,26-165-9991,44.1809,-85.739
27,003,1001,27-003-1001,45.4018400009431,-93.20306
27,003,1002,27-003-1002,45.1376795361548,-93.207614975211
27,005,2013,27-005-2013,46.851811,-95.846272
27,017,7416,27-017-7416,46.7052700009415,-92.52377
27,035,3204,27-035-3204,46.396740000942,-94.1303
27,049,5302,27-049-5302,44.473754,-93.012611
27,053,0962,27-053-0962,44.9652420009432,-93.254759
27,075,0005,27-075-0005,47.948622,-91.495574
27,083,4210,27-083-4210,44.4438000009431,-95.81789
27,095,3051,27-095-3051,46.2053000009423,-93.75945
27,109,5008,27-109-5008,43.996908,-92.450366
27,137,0034,27-137-0034,48.4125200009363,-92.829225
27,137,7550,27-137-7550,46.8182600009412,-92.08936
27,139,0505,27-139-0505,44.791437,-93.512534
27,145,3052,27-145-3052,45.549839,-94.13345
27,163,6016,27-163-6016,45.1680040009432,-92.765136
27,171,3201,27-171-3201,45.2091600009432,-93.66921
28,011,0001,28-011-0001,33.746056,-90.723028
28,033,0002,28-033-0002,34.82166,-89.98783
28,045,0003,28-045-0003,30.3008330008224,-89.395916
28,047,0008,28-047-0008,30.390369181243,-89.0497776193734
28,049,0010,28-049-0010,32.3857309721877,-90.1412002082186
28,049,0020,28-049-0020,32.329111,-90.182722
28,059,0006,28-059-0006,30.3782867218264,-88.5339296135032
28,075,0003,28-075-0003,32.3645652793284,-88.731491343876
28,081,0005,28-081-0005,34.264917,-88.766222
28,161,9991,28-161-9991,34.0026,-89.799
29,003,0001,29-003-0001,39.9544000009289,-94.849
29,019,0011,29-019-0011,39.0786,-92.31517
29,027,0002,29-027-0002,38.7060800009209,-92.09308
29,037,0003,29-037-0003,38.75976,-94.57997
29,039,0001,29-039-0001,37.69,-94.035
29,047,0003,29-047-0003,39.4074519596912,-94.2653727917367
29,047,0005,29-047-0005,39.3030901054594,-94.3766230264621
29,047,0006,29-047-0006,39.3319133089973,-94.580840690578
29,049,0001,29-049-0001,39.5306,-94.556
29,077,0036,29-077-0036,37.2561360296106,-93.2998858428143
29,077,0042,29-077-0042,37.3195101091064,-93.2046350179991
29,097,0004,29-097-0004,37.2385000009092,-94.42468
29,099,0019,29-099-0019,38.44863278671,-90.398540387747
29,113,0003,29-113-0003,39.0447,-90.8647
29,137,0001,29-137-0001,39.475136151561,-91.7891409827524
29,157,0001,29-157-0001,37.70264,-89.69864
29,183,1002,29-183-1002,38.8725458723206,-90.2264884702189
29,183,1004,29-183-1004,38.8994,-90.44917
29,186,0005,29-186-0005,37.90084,-90.42388
29,189,0005,29-189-0005,38.4902,-90.7052
29,189,0014,29-189-0014,38.7109,-90.4759
29,213,0004,29-213-0004,36.7077267734737,-93.2220000333291
29,510,0085,29-510-0085,38.6564979436372,-90.1986462776864
30,027,0006,30-027-0006,47.048537,-109.455315
30,029,8001,30-029-8001,48.510300000936,-113.99681
30,049,0004,30-049-0004,46.8505,-111.987164
30,063,0024,30-063-0024,46.8421813619225,-114.021498634245
30,071,0010,30-071-0010,48.317507,-107.862471
30,075,0001,30-075-0001,45.4402950009431,-105.370283
30,083,0001,30-083-0001,47.8033920009386,-104.485552
30,087,0001,30-087-0001,45.3661510009431,-106.48982
31,055,0019,31-055-0019,41.2474860009354,-95.973142
31,055,0028,31-055-0028,41.2079580009352,-95.945897
31,055,0035,31-055-0035,41.3067580009356,-95.960967
31,107,9991,31-107-9991,42.8292,-97.854
31,109,0016,31-109-0016,40.984722,-96.677222
32,001,0002,32-001-0002,39.472471,-118.783624
32,003,0022,32-003-0022,36.3910070009014,-114.907406
32,003,0023,32-003-0023,36.807913,-114.060879
32,003,0043,32-003-0043,36.106372,-115.253352
32,003,0071,32-003-0071,36.169751,-115.263025
32,003,0073,32-003-0073,36.173416,-115.332714
32,003,0075,32-003-0075,36.270583,-115.238256
32,003,0538,32-003-0538,36.142957,-115.056305
32,003,0540,32-003-0540,36.141895,-115.078725
32,003,0601,32-003-0601,35.9781250008973,-114.846298
32,003,1019,32-003-1019,35.7856710008953,-115.357048
32,003,2002,32-003-2002,36.1912600008994,-115.12293
32,003,8000,32-003-8000,36.3577862619236,-115.362234095232
32,019,0006,32-019-0006,39.602787,-119.247741
32,031,0016,32-031-0016,39.52508333,-119.8077167
32,031,0020,32-031-0020,39.4692185,-119.7753541
32,031,0025,32-031-0025,39.3998365,-119.7396057
32,031,1005,32-031-1005,39.5409171,-119.7467605
32,031,2002,32-031-2002,39.25040911,-119.956738
32,031,2009,32-031-2009,39.64526401,-119.840025
32,033,0101,32-033-0101,39.005120000923,-114.21593
32,510,0020,32-510-0020,39.1447,-119.7661
33,001,2004,33-001-2004,43.5661110009421,-71.496361
33,005,0007,33-005-0007,42.9304720009409,-72.272389
33,007,4001,33-007-4001,44.270167000943,-71.30375
33,007,4002,33-007-4002,44.308167000943,-71.217694
33,009,0010,33-009-0010,43.6296110009422,-72.309583
33,009,9991,33-009-9991,43.945,-71.7008
33,011,1011,33-011-1011,42.7186640009404,-71.522427
33,011,5001,33-011-5001,42.8617500009407,-71.878389
33,013,1007,33-013-1007,43.2185000009415,-71.5145
33,015,0014,33-015-0014,43.0753330009412,-70.748
33,015,0016,33-015-0016,43.0452780009411,-70.713806
33,015,0018,33-015-0018,42.8625360009407,-71.380172
34,001,0006,34-001-0006,39.464872,-74.448736
34,003,0006,34-003-0006,40.870436,-73.991994
34,007,0002,34-007-0002,39.9344460009288,-75.125291
34,007,1001,34-007-1001,39.68425,-74.861491
34,011,0007,34-011-0007,39.422273,-75.025204
34,013,0003,34-013-0003,40.720989,-74.192892
34,015,0002,34-015-0002,39.800339,-75.212119
34,017,0006,34-017-0006,40.67025,-74.126081
34,019,0001,34-019-0001,40.515262,-74.806671
34,021,0005,34-021-0005,40.2830917,-74.742644
34,021,9991,34-021-9991,40.3125,-74.8729
34,023,0011,34-023-0011,40.462182,-74.429439
34,025,0005,34-025-0005,40.277647,-74.0051
34,027,3001,34-027-3001,40.787628,-74.676301
34,029,0006,34-029-0006,40.06483,-74.44405
34,031,5001,34-031-5001,41.058617,-74.255544
34,041,0007,34-041-0007,40.9245800009339,-75.067815
35,001,0023,35-001-0023,35.1343000008884,-106.5852
35,001,0024,35-001-0024,35.0631000008876,-106.578785
35,001,0027,35-001-0027,35.1539000008886,-106.69715
35,001,0029,35-001-0029,35.017080000887,-106.65739
35,001,0032,35-001-0032,35.06407,-106.76151
35,001,1012,35-001-1012,35.1852000008889,-106.50815
35,001,1013,35-001-1013,35.193240000889,-106.613815
35,013,0008,35-013-0008,31.930556,-106.630556
35,013,0017,35-013-0017,31.795833,-106.5575
35,013,0020,35-013-0020,32.041111,-106.409167
35,013,0021,35-013-0021,31.796111,-106.583889
35,013,0022,35-013-0022,31.787778,-106.682778
35,013,0023,35-013-0023,32.3175,-106.767778
35,015,1005,35-015-1005,32.38,-104.262222
35,015,3001,35-015-3001,32.1783000008509,-104.4406
35,017,1003,35-017-1003,32.691944,-108.124444
35,025,0008,35-025-0008,32.726656,-103.122917
35,029,0003,35-029-0003,32.2558,-107.7227
35,039,0026,35-039-0026,36.1877420008994,-106.698369
35,043,1001,35-043-1001,35.299444,-106.548333
35,045,0009,35-045-0009,36.742222,-107.976944
35,045,0018,35-045-0018,36.80973,-107.65158
35,045,1005,35-045-1005,36.796667,-108.4725
35,049,0021,35-049-0021,35.6197500008936,-106.07968
35,061,0008,35-061-0008,34.8147,-106.7396
36,001,0012,36-001-0012,42.68075,-73.75733
36,005,0110,36-005-0110,40.81618,-73.902
36,005,0133,36-005-0133,40.8679,-73.87809
36,013,0006,36-013-0006,42.49963,-79.31881
36,027,0007,36-027-0007,41.78555,-73.74136
36,029,0002,36-029-0002,42.99328,-78.77153
36,031,0002,36-031-0002,44.36608,-73.90312
36,031,0003,36-031-0003,44.39308,-73.8589
36,031,9991,36-031-9991,43.9731,-74.2232
36,033,7003,36-033-7003,44.980577,-74.695005
36,041,0005,36-041-0005,43.44957,-74.51625
36,043,0005,36-043-0005,43.68578,-74.98538
36,045,0002,36-045-0002,44.08747,-75.97316
36,055,1007,36-055-1007,43.14618,-77.54817
36,061,0135,36-061-0135,40.81976,-73.94825
36,063,1006,36-063-1006,43.22386,-78.47888
36,067,1015,36-067-1015,43.05235,-76.05921
36,071,5001,36-071-5001,41.52375,-74.21534
36,075,0003,36-075-0003,43.28428,-76.46324
36,079,0005,36-079-0005,41.45589,-73.70977
36,081,0124,36-081-0124,40.73614,-73.82153
36,085,0067,36-085-0067,40.59664,-74.12525
36,087,0005,36-087-0005,41.18208,-74.02819
36,091,0004,36-091-0004,43.01209,-73.6489
36,101,0003,36-101-0003,42.09142,-77.20978
36,103,0002,36-103-0002,40.74529,-73.41919
36,103,0004,36-103-0004,40.96078,-72.71238
36,103,0009,36-103-0009,40.82799,-73.05754
36,109,9991,36-109-9991,42.4006,-76.6538
36,117,3001,36-117-3001,43.23086,-77.17136
36,119,2004,36-119-2004,41.05192,-73.76366
37,003,0004,37-003-0004,35.9289990008968,-81.189758
37,011,0002,37-011-0002,35.9722220008972,-81.933056
37,011,9991,37-011-9991,36.1058,-82.0454
37,021,0030,37-021-0030,35.500102002749,-82.5998603096713
37,027,0003,37-027-0003,35.9358330008969,-81.530278
37,031,9991,37-031-9991,34.8848,-76.6203
37,033,0001,37-033-0001,36.307033,-79.467417
37,037,0004,37-037-0004,35.757222,-79.159722
37,051,0008,37-051-0008,35.158686,-78.728035
37,051,1003,37-051-1003,34.968889,-78.9625
37,059,0003,37-059-0003,35.8970680008965,-80.557278
37,063,0015,37-063-0015,36.032944,-78.905417
37,065,0099,37-065-0099,35.988333,-77.582778
37,067,0022,37-067-0022,36.110556,-80.226667
37,067,0028,37-067-0028,36.203056,-80.215833
37,067,0030,37-067-0030,36.026,-80.342
37,067,1008,37-067-1008,36.050833,-80.143889
37,069,0001,37-069-0001,36.096189,-78.463719
37,075,0001,37-075-0001,35.2579300008897,-83.79562
37,077,0001,37-077-0001,36.141111,-78.768056
37,081,0013,37-081-0013,36.1007110008985,-79.810456
37,087,0008,37-087-0008,35.50716,-82.96337
37,087,0035,37-087-0035,35.379167,-82.7925
37,087,0036,37-087-0036,35.59,-83.0775
37,099,0005,37-099-0005,35.524444,-83.236111
37,101,0002,37-101-0002,35.590833,-78.461944
37,107,0004,37-107-0004,35.231459,-77.568792
37,109,0004,37-109-0004,35.438556,-81.27675
37,113,9991,37-113-9991,35.0608,-83.4306
37,117,0001,37-117-0001,35.81069,-76.89782
37,119,0041,37-119-0041,35.2401000008895,-80.785683
37,119,1005,37-119-1005,35.1131636760618,-80.9195316662293
37,119,1009,37-119-1009,35.3472220008907,-80.695
37,123,9991,37-123-9991,35.2632,-79.8365
37,129,0002,37-129-0002,34.364167,-77.838611
37,145,0003,37-145-0003,36.306965,-79.09197
37,147,0006,37-147-0006,35.6386100008938,-77.35805
37,157,0099,37-157-0099,36.308889,-79.859167
37,159,0021,37-159-0021,35.551868,-80.395039
37,159,0022,37-159-0022,35.534482,-80.66756
37,173,0002,37-173-0002,35.435509,-83.443697
37,173,0007,37-173-0007,35.498711,-83.310242
37,179,0003,37-179-0003,34.973889,-80.540833
37,183,0014,37-183-0014,35.856111,-78.574167
37,183,0016,37-183-0016,35.596944,-78.7925
37,199,0004,37-199-0004,35.7654130008951,-82.264944
38,007,0002,38-007-0002,46.8943000009411,-103.37853
38,013,0004,38-013-0004,48.6419300009354,-102.4018
38,015,0003,38-015-0003,46.8254250009412,-100.76821
38,017,1004,38-017-1004,46.933754000941,-96.85535
38,025,0003,38-025-0003,47.31320000094,-102.5273
38,053,0002,38-053-0002,47.5812,-103.2995
38,057,0004,38-057-0004,47.2986110009401,-101.766944
38,065,0002,38-065-0002,47.1858330009404,-101.428056
38,105,0003,38-105-0003,48.1527800009373,-103.63951
39,003,0009,39-003-0009,40.7709440009332,-84.0539
39,007,1001,39-007-1001,41.959695,-80.572808
39,017,0004,39-017-0004,39.383382,-84.544413
39,017,0018,39-017-0018,39.5294814308803,-84.3933637927823
39,017,9991,39-017-9991,39.5327,-84.7286
39,023,0001,39-023-0001,40.00103,-83.80456
39,023,0003,39-023-0003,39.85567,-83.99773
39,025,0022,39-025-0022,39.0828,-84.1441
39,027,1002,39-027-1002,39.4300381836486,-83.7885023056959
39,035,0034,39-035-0034,41.55523,-81.575256
39,035,0060,39-035-0060,41.492117,-81.678449
39,035,0064,39-035-0064,41.36189,-81.864608
39,035,5002,39-035-5002,41.537344,-81.458834
39,041,0002,39-041-0002,40.356694,-83.063971
39,047,9991,39-047-9991,39.6359,-83.2605
39,049,0029,39-049-0029,40.0845,-82.81552
39,049,0037,39-049-0037,39.96523,-82.95549
39,049,0081,39-049-0081,40.0877,-82.959773
39,055,0004,39-055-0004,41.515051,-81.249906
39,057,0006,39-057-0006,39.66575,-83.94285
39,061,0006,39-061-0006,39.2787,-84.36612
39,061,0010,39-061-0010,39.21494,-84.69086
39,061,0040,39-061-0040,39.12886,-84.50404
39,081,0017,39-081-0017,40.36644,-80.61558
39,083,0002,39-083-0002,40.310025,-82.691724
39,085,0003,39-085-0003,41.673006,-81.422455
39,085,0007,39-085-0007,41.7268108,-81.24215638
39,087,0011,39-087-0011,38.62901,-82.45886
39,087,0012,39-087-0012,38.508114,-82.659301
39,089,0005,39-089-0005,40.026037,-82.433
39,093,0018,39-093-0018,41.420882,-82.095729
39,095,0024,39-095-0024,41.644067,-83.54625
39,095,0027,39-095-0027,41.494174,-83.718944
39,095,0034,39-095-0034,41.675213,-83.30693
39,097,0007,39-097-0007,39.78819,-83.47606
39,099,0013,39-099-0013,41.096142,-80.658856
39,103,0004,39-103-0004,41.0604000009345,-81.9239
39,109,0005,39-109-0005,40.08455,-84.11412
39,113,0037,39-113-0037,39.78563,-84.13437
39,121,9991,39-121-9991,39.9428,-81.3373
39,133,1001,39-133-1001,41.182466,-81.330486
39,135,1001,39-135-1001,39.83562,-84.72049
39,151,0016,39-151-0016,40.828052,-81.378333
39,151,0022,39-151-0022,40.712778,-81.598333
39,151,4005,39-151-4005,40.931398,-81.123519
39,153,0020,39-153-0020,41.106486,-81.503547
39,155,0009,39-155-0009,41.454235,-80.591036
39,155,0011,39-155-0011,41.240456,-80.662559
39,165,0007,39-165-0007,39.42689,-84.20077
39,167,0004,39-167-0004,39.432117,-81.460443
39,173,0003,39-173-0003,41.377685,-83.611104
40,001,9009,40-001-9009,35.750735000895,-94.669697
40,015,9008,40-015-9008,35.111944,-98.252778
40,017,0101,40-017-0101,35.4792150008921,-97.751503
40,021,9002,40-021-9002,35.854080000896,-94.985964
40,027,0049,40-027-0049,35.3201050008904,-97.484099
40,031,0651,40-031-0651,34.6329800008827,-98.42879
40,037,0144,40-037-0144,36.1054810008986,-96.361196
40,043,0860,40-043-0860,36.1584140008991,-98.931973
40,067,0671,40-067-0671,34.2266390008779,-98.03544
40,071,9010,40-071-9010,36.9562220009067,-97.03135
40,085,0300,40-085-0300,33.8808120008736,-97.275896
40,087,1073,40-087-1073,35.1596490008886,-97.473794
40,097,9014,40-097-9014,36.2284080008998,-95.249943
40,109,0033,40-109-0033,35.4770360008921,-97.494309
40,109,0096,40-109-0096,35.4778010008921,-97.303044
40,109,1037,40-109-1037,35.6141310008935,-97.475083
40,115,9004,40-115-9004,36.922222,-94.838889
40,121,0415,40-121-0415,34.9022700008858,-95.784375
40,125,9023,40-125-9023,35.3028640008902,-96.918326
40,135,9021,40-135-9021,35.4081400008914,-94.524413
40,143,0137,40-143-0137,36.3574380009011,-95.999247
40,143,0174,40-143-0174,35.9537080008971,-96.004975
40,143,0178,40-143-0178,36.1338020008989,-95.764537
40,143,1127,40-143-1127,36.2049020008996,-95.976537
41,005,0004,41-005-0004,45.2592800009432,-122.588151
41,009,0004,41-009-0004,45.7685310009428,-122.7721
41,017,0122,41-017-0122,44.021896,-121.260166
41,029,0201,41-029-0201,42.229891000939,-122.7877
41,039,0060,41-039-0060,44.026312,-123.083737
41,039,1007,41-039-1007,43.8345,-123.0353
41,047,0004,41-047-0004,44.8102900009432,-122.915085
41,051,0080,41-051-0080,45.4966410009431,-122.602877
41,059,1003,41-059-1003,45.828968,-119.262991
41,067,1004,41-067-1004,45.402446,-122.854437
42,001,9991,42-001-9991,39.9231,-77.3078
42,003,0008,42-003-0008,40.4654203279986,-79.9607574502479
42,003,0010,42-003-0010,40.44557650296,-80.0161549031582
42,003,0067,42-003-0067,40.3756436265984,-80.1699434614088
42,003,1005,42-003-1005,40.6139487667406,-79.7294097264739
42,005,0001,42-005-0001,40.8141826239239,-79.5647497763623
42,007,0002,42-007-0002,40.5625201844353,-80.5039484844499
42,007,0005,42-007-0005,40.684722,-80.359722
42,007,0014,42-007-0014,40.7477958611323,-80.3164417143694
42,011,0006,42-011-0006,40.5140800009319,-75.789721
42,011,0011,42-011-0011,40.38335,-75.9686
42,013,0801,42-013-0801,40.535278,-78.370833
42,015,0011,42-015-0011,41.705226,-76.512726
42,017,0012,42-017-0012,40.107222,-74.882222
42,021,0011,42-021-0011,40.309722,-78.915
42,027,0100,42-027-0100,40.811389,-77.877028
42,027,9991,42-027-9991,40.7208,-77.9319
42,029,0100,42-029-0100,39.8344605866755,-75.768242075333
42,033,4000,42-033-4000,41.1175,-78.526194
42,043,0401,42-043-0401,40.246992,-76.846988
42,043,1100,42-043-1100,40.272222,-76.681389
42,045,0002,42-045-0002,39.835556,-75.3725
42,047,9991,42-047-9991,41.598,-78.7674
42,049,0003,42-049-0003,42.14175,-80.038611
42,055,0001,42-055-0001,39.961111,-77.475556
42,059,0002,42-059-0002,39.80933,-80.26567
42,063,0004,42-063-0004,40.56333,-78.919972
42,069,0101,42-069-0101,41.479116,-75.578186
42,069,2006,42-069-2006,41.442778,-75.623056
42,071,0007,42-071-0007,40.046667,-76.283333
42,071,0012,42-071-0012,40.0438330009294,-76.1124
42,073,0015,42-073-0015,40.9958483945708,-80.3464418619031
42,075,0100,42-075-0100,40.337328,-76.383447
42,077,0004,42-077-0004,40.611944,-75.4325
42,079,1100,42-079-1100,41.209167,-76.003333
42,079,1101,42-079-1101,41.265556,-75.846389
42,081,0100,42-081-0100,41.2508,-76.9238
42,085,0100,42-085-0100,41.2150135311878,-80.4847786925965
42,085,9991,42-085-9991,41.4271,-80.1451
42,089,0002,42-089-0002,41.08306,-75.32328
42,091,0013,42-091-0013,40.112222,-75.309167
42,095,0025,42-095-0025,40.628056,-75.341111
42,095,8000,42-095-8000,40.692224,-75.237156
42,099,0301,42-099-0301,40.456944,-77.165556
42,101,0004,42-101-0004,40.008889,-75.09778
42,101,0024,42-101-0024,40.0764001411469,-75.0115494897304
42,101,1002,42-101-1002,40.0359845967145,-75.0024054298441
42,111,9991,42-111-9991,39.9878,-79.2515
42,117,4000,42-117-4000,41.644722,-76.939167
42,125,0005,42-125-0005,40.146667,-79.902222
42,125,0200,42-125-0200,40.170556,-80.261389
42,125,5001,42-125-5001,40.445278,-80.420833
42,125,5200,42-125-5200,40.268963,-80.243995
42,129,0006,42-129-0006,40.4280760266926,-79.6928113961696
42,129,0008,42-129-0008,40.304694,-79.505667
42,133,0008,42-133-0008,39.965278,-76.699444
42,133,0011,42-133-0011,39.8609700009284,-76.462055
44,003,0002,44-003-0002,41.6152370009369,-71.72
44,007,1010,44-007-1010,41.8415730009377,-71.36077
44,009,0007,44-009-0007,41.4951100009364,-71.423705
45,001,0001,45-001-0001,34.325318000879,-82.386376
45,003,0003,45-003-0003,33.3422260008668,-81.788731
45,007,0005,45-007-0005,34.62323638,-82.53205924
45,015,0002,45-015-0002,32.9872520008621,-79.9367
45,019,0046,45-019-0046,32.9410230008615,-79.657187
45,021,0002,45-021-0002,35.1303960308883,-81.81656653
45,021,0003,45-021-0003,35.1313890008883,-81.405
45,025,0001,45-025-0001,34.6153670008825,-80.198787
45,029,0002,45-029-0002,33.0078660008624,-80.965038
45,031,0003,45-031-0003,34.2856960008786,-79.744859
45,037,0001,45-037-0001,33.7399630008719,-81.853635
45,045,0016,45-045-0016,34.75184811,-82.25670125
45,045,1003,45-045-1003,35.05739456,-82.37288079
45,073,0001,45-073-0001,34.8052610008846,-83.2377
45,077,0002,45-077-0002,34.6536060008829,-82.838659
45,077,0003,45-077-0003,34.8515370008852,-82.744576
45,079,0007,45-079-0007,34.0939590008763,-80.962304
45,079,0021,45-079-0021,33.8146800008728,-80.781135
45,079,1001,45-079-1001,34.1312620008767,-80.868318
45,083,0009,45-083-0009,34.9887060008867,-82.075802
45,091,0006,45-091-0006,34.9358170008861,-81.228409
45,091,8001,45-091-8001,34.9127000008859,-80.8745
45,091,8002,45-091-8002,35.015800000887,-80.9662
46,011,0003,46-011-0003,44.3486039691769,-96.8072988595708
46,033,0132,46-033-0132,43.5576400009421,-103.48386
46,071,0001,46-071-0001,43.74561,-101.941218
46,093,0001,46-093-0001,44.155636,-103.315765
46,099,0008,46-099-0008,43.54792,-96.700769
46,127,0001,46-127-0001,42.751518,-96.707208
47,001,0101,47-001-0101,35.9652200008972,-84.22316
47,009,0101,47-009-0101,35.6334800008937,-83.941606
47,009,0102,47-009-0102,35.603056,-83.783611
47,025,9991,47-025-9991,36.47,-83.8268
47,037,0011,47-037-0011,36.205,-86.744722
47,037,0026,47-037-0026,36.150742,-86.623301
47,041,9991,47-041-9991,36.0388,-85.7331
47,065,1011,47-065-1011,35.233476,-85.181581
47,065,4003,47-065-4003,35.102638,-85.162194
47,089,0002,47-089-0002,36.1056290008986,-83.602077
47,093,0021,47-093-0021,36.0855080008984,-83.764806
47,093,1020,47-093-1020,36.0191860008977,-83.87381
47,105,0109,47-105-0109,35.7208940008947,-84.342193
47,121,0104,47-121-0104,35.2893790008901,-84.946111
47,155,0101,47-155-0101,35.696667,-83.609722
47,155,0102,47-155-0102,35.562778,-83.498056
47,157,0021,47-157-0021,35.217501,-90.019707
47,157,0075,47-157-0075,35.151699,-89.850249
47,157,1004,47-157-1004,35.3781531754954,-89.8344699520114
47,163,2002,47-163-2002,36.5414390009029,-82.424824
47,163,2003,47-163-2003,36.5821100009032,-82.485742
47,165,0007,47-165-0007,36.2975600009005,-86.653137
47,187,0106,47-187-0106,35.951534000897,-87.137005
47,189,0103,47-189-0103,36.0608330008981,-86.286261
48,027,1047,48-027-1047,31.088002,-97.679734
48,029,0032,48-029-0032,29.51509,-98.620166
48,029,0052,48-029-0052,29.632058,-98.564936
48,029,0059,48-029-0059,29.275381,-98.311692
48,039,1004,48-039-1004,29.520443,-95.392509
48,039,1016,48-039-1016,29.043759,-95.472946
48,043,0101,48-043-0101,29.3026500008058,-103.17781
48,061,0006,48-061-0006,25.892503,-97.493836
48,061,1023,48-061-1023,26.200256,-97.712681
48,085,0005,48-085-0005,33.13242,-96.786404
48,113,0069,48-113-0069,32.819952,-96.860082
48,113,0075,48-113-0075,32.919206,-96.808498
48,113,0087,48-113-0087,32.676451,-96.87206
48,121,0034,48-121-0034,33.219056,-97.196287
48,121,1032,48-121-1032,33.410638,-96.944598
48,139,0016,48-139-0016,32.482082,-97.026922
48,139,1044,48-139-1044,32.175428,-96.87018
48,141,0029,48-141-0029,31.785769,-106.323578
48,141,0037,48-141-0037,31.768291,-106.50126
48,141,0044,48-141-0044,31.765698,-106.45522
48,141,0055,48-141-0055,31.746743,-106.402784
48,141,0057,48-141-0057,31.6675,-106.288
48,141,0058,48-141-0058,31.893913,-106.425814
48,167,1034,48-167-1034,29.254474,-94.861289
48,183,0001,48-183-0001,32.378682,-94.711811
48,201,0024,48-201-0024,29.901037,-95.326125
48,201,0026,48-201-0026,29.802707,-95.125495
48,201,0029,48-201-0029,30.039534,-95.6739
48,201,0046,48-201-0046,29.828086,-95.284096
48,201,0047,48-201-0047,29.834722,-95.489167
48,201,0051,48-201-0051,29.623611,-95.473611
48,201,0055,48-201-0055,29.695744,-95.499262
48,201,0062,48-201-0062,29.625833,-95.2675
48,201,0066,48-201-0066,29.724722,-95.503611
48,201,0075,48-201-0075,29.752778,-95.350278
48,201,0416,48-201-0416,29.686389,-95.294722
48,201,1015,48-201-1015,29.761653,-95.081386
48,201,1017,48-201-1017,29.823319,-94.983786
48,201,1034,48-201-1034,29.767971,-95.220587
48,201,1035,48-201-1035,29.733726,-95.257593
48,201,1039,48-201-1039,29.670025,-95.128508
48,201,1050,48-201-1050,29.583047,-95.015544
48,203,0002,48-203-0002,32.668987,-94.167457
48,215,0043,48-215-0043,26.226226,-98.29107
48,221,0001,48-221-0001,32.442305,-97.803539
48,231,1006,48-231-1006,33.153077,-96.115561
48,245,0009,48-245-0009,30.03644,-94.071091
48,245,0011,48-245-0011,29.8975,-93.9911
48,245,0022,48-245-0022,29.863953,-94.3178
48,245,0101,48-245-0101,29.728,-93.894
48,245,0102,48-245-0102,29.9425,-94.000556
48,245,0628,48-245-0628,29.865,-93.955
48,245,1035,48-245-1035,29.978924,-94.010872
48,251,0003,48-251-0003,32.353593,-97.436748
48,257,0005,48-257-0005,32.564952,-96.317677
48,309,1037,48-309-1037,31.653068,-97.070684
48,339,0078,48-339-0078,30.350302,-95.425128
48,349,1051,48-349-1051,32.03194,-96.399138
48,355,0025,48-355-0025,27.765335,-97.434247
48,355,0026,48-355-0026,27.832408,-97.555395
48,361,1001,48-361-1001,30.085263,-93.761341
48,361,1100,48-361-1100,30.194167,-93.866944
48,367,0081,48-367-0081,32.868777,-97.905931
48,373,9991,48-373-9991,30.7017,-94.6742
48,381,9991,48-381-9991,34.8803,-101.6649
48,397,0001,48-397-0001,32.936523,-96.459211
48,423,0007,48-423-0007,32.344008,-95.415752
48,439,0075,48-439-0075,32.987891,-97.477175
48,439,1002,48-439-1002,32.805818,-97.356568
48,439,2003,48-439-2003,32.922498,-97.282088
48,439,3009,48-439-3009,32.98426,-97.063705
48,439,3011,48-439-3011,32.656372,-97.088583
48,453,0014,48-453-0014,30.354419,-97.760254
48,453,0020,48-453-0020,30.483168,-97.872301
48,469,0003,48-469-0003,28.836165,-97.005534
48,479,0016,48-479-0016,27.511267,-99.52029
49,003,0003,49-003-0003,41.4927067004383,-112.018863139473
49,003,7001,49-003-7001,41.94595,-112.233179
49,005,0004,49-005-0004,41.731111,-111.8375
49,007,1003,49-007-1003,39.6099601287655,-110.800748692387
49,011,0004,49-011-0004,40.902967,-111.884467
49,013,0002,49-013-0002,40.2941780318187,-110.009732293952
49,013,1001,49-013-1001,40.2086517787527,-110.841056450565
49,013,7011,49-013-7011,40.2167789200173,-110.182741692624
49,017,0004,49-017-0004,37.7755560009138,-111.614722
49,035,2004,49-035-2004,40.736389,-112.210278
49,035,3006,49-035-3006,40.736389,-111.872222
49,037,0101,49-037-0101,38.4583200009191,-109.82126
49,045,0003,49-045-0003,40.5433086862775,-112.299618029655
49,047,1002,49-047-1002,40.4372000009316,-109.3047
49,047,1003,49-047-1003,40.4522671931555,-109.510392815179
49,047,2002,49-047-2002,40.206290601082,-109.353931857366
49,047,2003,49-047-2003,40.0567100920178,-109.688107637351
49,047,7022,49-047-7022,40.4835983220091,-109.906796219668
49,049,0002,49-049-0002,40.253611,-111.663056
49,049,5010,49-049-5010,40.1363362850841,-111.660502185749
49,053,0007,49-053-0007,37.129,-113.183
49,053,0130,49-053-0130,37.1983000009089,-113.1506
49,057,0002,49-057-0002,41.2063211134358,-111.975524299393
49,057,1003,49-057-1003,41.3036139529338,-111.98787086473
50,003,0004,50-003-0004,42.8875900009408,-73.24984
50,007,0007,50-007-0007,44.5283900009431,-72.86884
51,003,0001,51-003-0001,38.0765700009162,-78.50397
51,013,0020,51-013-0020,38.857700000922,-77.05922
51,033,0001,51-033-0001,38.2008700009171,-77.37742
51,036,0002,51-036-0002,37.3443800009102,-77.25925
51,041,0004,51-041-0004,37.3574800009103,-77.59355
51,059,0030,51-059-0030,38.7733500009214,-77.10468
51,061,0002,51-061-0002,38.4736700009192,-77.76772
51,069,0010,51-069-0010,39.2810200009248,-78.08157
51,071,9991,51-071-9991,37.3297,-80.5578
51,085,0003,51-085-0003,37.6061300009124,-77.2188
51,087,0014,51-087-0014,37.556520000912,-77.40027
51,107,1005,51-107-1005,39.0247300009231,-77.48925
51,113,0003,51-113-0003,38.5231000009196,-78.43471
51,139,0004,51-139-0004,38.6637300009206,-78.50442
51,147,9991,51-147-9991,37.1655,-78.3069
51,153,0009,51-153-0009,38.8528700009219,-77.63462
51,161,1004,51-161-1004,37.2834200009096,-79.88452
51,163,0003,51-163-0003,37.6266800009126,-79.51257
51,165,0003,51-165-0003,38.4775300009192,-78.81952
51,179,0001,51-179-0001,38.4812300009193,-77.3704
51,197,0002,51-197-0002,36.8911700009061,-81.25423
51,510,0021,51-510-0021,38.8065000009216,-77.0864
51,650,0008,51-650-0008,37.103733000908,-76.3870167
51,800,0004,51-800-0004,36.9011800009062,-76.43808
51,800,0005,51-800-0005,36.665250000904,-76.73078
53,009,0013,53-009-0013,48.29786,-124.62491
53,011,0011,53-011-0011,45.616667000943,-122.516667
53,033,0010,53-033-0010,47.5525,-122.064722
53,033,0017,53-033-0017,47.4902200009395,-121.77278
53,033,0023,53-033-0023,47.1411000009405,-121.9379
53,033,0080,53-033-0080,47.568236,-122.308628
53,053,0012,53-053-0012,46.7841000009413,-121.740367
53,053,1010,53-053-1010,46.7583800009414,-122.12429
53,057,0011,53-057-0011,48.52059,-122.61428
53,057,0020,53-057-0020,48.397787,-122.504971
53,063,0001,53-063-0001,47.41645,-117.52997
53,063,0021,53-063-0021,47.672482,-117.364852
53,063,0046,53-063-0046,47.8272800009385,-117.27422
53,067,0005,53-067-0005,46.9525620009409,-122.59527
53,073,0005,53-073-0005,48.9507400009341,-122.55441
54,003,0003,54-003-0003,39.448006,-77.964125
54,011,0006,54-011-0006,38.4241330009188,-82.4259
54,021,9991,54-021-9991,38.8795,-80.8477
54,025,0003,54-025-0003,37.9085330009149,-80.632633
54,029,1004,54-029-1004,40.42153886589,-80.5807174536949
54,039,0010,54-039-0010,38.3456000009183,-81.628317
54,061,0003,54-061-0003,39.6493670009271,-79.920867
54,069,0010,54-069-0010,40.1148755622005,-80.7009723435715
54,093,9991,54-093-9991,39.0905,-79.6617
54,107,1002,54-107-1002,39.3235330009251,-81.552367
55,003,0010,55-003-0010,46.6020000009417,-90.656
55,009,0026,55-009-0026,44.5309800009431,-87.90799
55,021,0015,55-021-0015,43.3156000009417,-89.1089
55,025,0041,55-025-0041,43.1008379448758,-89.3572982165232
55,027,0001,55-027-0001,43.466111000942,-88.621111
55,029,0004,55-029-0004,45.2370000009432,-86.993
55,035,0014,55-035-0014,44.7610000009432,-91.143
55,039,0006,55-039-0006,43.6874024146859,-88.4220445381495
55,041,0007,55-041-0007,45.563000000943,-88.8088
55,055,0009,55-055-0009,43.0034000009411,-88.8283
55,059,0019,55-059-0019,42.504722,-87.8093
55,059,0025,55-059-0025,42.5960000009401,-87.886
55,061,0002,55-061-0002,44.4431200009431,-87.50524
55,063,0012,55-063-0012,43.7775000009425,-91.2269
55,071,0007,55-071-0007,44.138619,-87.6161
55,073,0012,55-073-0012,44.70735,-89.77183
55,079,0010,55-079-0010,43.016667,-87.933333
55,079,0026,55-079-0026,43.060975,-87.913504
55,079,0085,55-079-0085,43.1810000009414,-87.9
55,087,0009,55-087-0009,44.3073799619737,-88.3951340615699
55,089,0008,55-089-0008,43.3430000009418,-87.92
55,089,0009,55-089-0009,43.498060000942,-87.81
55,101,0017,55-101-0017,42.713896978283,-87.7986335612854
55,105,0024,55-105-0024,42.5090800009398,-89.06281
55,111,0007,55-111-0007,43.4351000009419,-89.6797
55,117,0006,55-117-0006,43.6790000009423,-87.716
55,119,9991,55-119-9991,45.2066,-90.5969
55,125,0001,55-125-0001,46.0520000009425,-89.653
55,127,0005,55-127-0005,42.5800086522047,-88.499046363536
55,133,0027,55-133-0027,43.0200753785299,-88.2150699551098
56,001,9991,56-001-9991,41.3642,-106.2399
56,003,0002,56-003-0002,44.280000000943,-108.041111
56,005,0123,56-005-0123,44.6522000009432,-105.2903
56,005,0456,56-005-0456,44.146964,-105.529994
56,007,0100,56-007-0100,41.3869444409359,-107.6166667
56,009,0801,56-009-0801,42.766972,-105.303528
56,013,0099,56-013-0099,42.5299990009399,-108.720003
56,013,0232,56-013-0232,43.0816670009412,-107.549444
56,013,6001,56-013-6001,42.994444,-108.370278
56,021,0100,56-021-0100,41.1822271062504,-104.778334205813
56,025,0100,56-025-0100,42.8223100009406,-106.36501
56,025,2601,56-025-2601,42.8608,-106.23586
56,033,0004,56-033-0004,44.9336110009432,-106.847222
56,035,0097,56-035-0097,42.98,-110.353
56,035,0099,56-035-0099,42.7190000009404,-109.753
56,035,0100,56-035-0100,42.7907000009406,-110.0551
56,035,0101,56-035-0101,42.8698240009408,-109.87076
56,035,0700,56-035-0700,42.4863610009397,-110.098861
56,035,1002,56-035-1002,42.3734991609394,-109.5604983
56,035,9991,56-035-9991,42.9288,-109.788
56,037,0077,56-037-0077,41.158000000935,-108.619
56,037,0100,56-037-0100,41.5750000009367,-109.207
56,037,0200,56-037-0200,41.6774527736555,-108.024574905304
56,037,0300,56-037-0300,41.7505560009373,-109.788333
56,039,0008,56-039-0008,43.6708330009423,-110.599472
56,039,1011,56-039-1011,44.5653600009432,-110.40034
56,041,0101,56-041-0101,41.3730966905376,-111.042375937829
56,045,0003,56-045-0003,43.8730560009426,-104.191944